count_home_cbgs,distance_from_home,raw_visit_counts,visits_top_10_hours,weighted_visit_counts
Whitman Square,Sheraton Hotels & Resorts,Whitman Square,Pennypack Creek Park,Children's Hospital Of Philadelphia
Northeast Tower Center,City of Philadelphia,Pennypack Creek Park,Whitman Square,Shriners Hospitals For Children Philadelphia
Aramingo Crossings,The Study at University City,Northeast Tower Center,Northeast Tower Center,Albert Einstein Medical Center
Pennypack Creek Park,Aloft Hotels,Aramingo Crossings,Leo Mall,Freshii
Leo Mall,Residence Inn by Marriott,Leo Mall,Cobbs Creek Park,Dormans John P MD
Park West Town Center,Martin School Comprehensive Day Care,Heavy Hitters Thai Boxing,Aramingo Crossings,Penn Presbyterian Medical Center
BJ's Wholesale Club,Guisados Don Roman,Children's Hospital Of Philadelphia,Albert Einstein Medical Center,Pennypack Creek Park
Snyder Plaza,Sixt rent a car,Albert Einstein Medical Center,Heavy Hitters Thai Boxing,Pennsylvania Hospital
West Fairmount Park,Jackson Andrew Sch,Cobbs Creek Park,Children's Hospital Of Philadelphia,Aria Health
One & Olney Square,Philadelphia International Airport Main Terminal,Park West Town Center,Snyder Plaza,City Hall
Philadelphia International Airport Main Terminal,Creative Spaces For Little Faces,Penrose Plaza,BJ's Wholesale Club,Heavy Hitters Thai Boxing
Cobbs Creek Park,Columbus Crossing,Philadelphia International Airport Main Terminal,Park West Town Center,Philadelphia International Airport Main Terminal
Walmart,Gibson Temple Baptist Church,West Fairmount Park,City Hall,Cobbs Creek Park
Walmart,Dock Street Cafe,One & Olney Square,Aria Health,Thomas Jefferson University Hospital
Walmart,Morris House Hotel,Snyder Plaza,Penrose Plaza,Philadelphia VA Medical Center
Penrose Plaza,Jetro Cash & Carry,Penn Presbyterian Medical Center,Penn Presbyterian Medical Center,Amigos Pharmacy
Walmart,Liberty Sailing School of Philadelphia,Houston Park,West Fairmount Park,Wayland Temple Baptist Church
Sam's Club,TMK Produce,BJ's Wholesale Club,Houston Park,Strulson Richard DO
Target,Ruby Tuesday,Aria Health,Hunting Park,Fast Cash Atm
The Home Depot,Procacci Brothers,Walmart,Philadelphia International Airport Main Terminal,Au Bon Pain
Walmart,Nardella,Roosevelt Mall,Morrell Plaza,Rita's Italian Ice
Rising Sun Plaza,Amigos Pharmacy,Hunting Park,Freshii,Can Tho City
Roosevelt Mall,BAMN Fitness,Morrell Plaza,One & Olney Square,Aria Jefferson Health
Whitman Plaza,Family Deli,Walmart,Tacony Creek Park,Planet Abacus
Lawndale Plaza,Marriott Hotels,Shriners Hospitals For Children Philadelphia,Max Myers Playground,Nazareth Hospital
Lowe's,CHAPMAN NISSAN,Whitman Plaza,Whitman Plaza,Whitman Square
Target,Soul Boat,Freshii,Rising Sun Plaza,Belmont Behavioral Health
Albert Einstein Medical Center,Orangetheory Fitness,Rising Sun Plaza,Walmart,Garcias Grocery
Shops At Aramingo,Hertz,Lawndale Plaza,Shriners Hospitals For Children Philadelphia,Mom's Kitchen
Children's Hospital Of Philadelphia,Pennsylvania China Farm,Walmart,The Home Depot,Berman David L Dr Ofc
Lowe's,Philadelphia Wholesale Produce Market,Tacony Creek Park,Target,Millennium Pharmacy Systems
Houston Park,Quaker Valley Foods,Aramingo Super Center,Shops At Aramingo,St Christophers Hospital For Children
Target,Ristorante Aroma,Sam's Club,Lowe's,Northeast Tower Center
BJ's Wholesale Club,E Frank Hopkins,Max Myers Playground,Walmart,Beneficial Bank
Aramingo Super Center,Mercato BYOB,Target,Sam's Club,Golden Gate Restaurant
Target,Geno's Steaks,Walmart,Lawndale Plaza,Grow With Me Academy Ii Llc
Hunting Park,The Green Byrne Child Care Center,The Home Depot,Roosevelt Mall,Vegan Commissary
The Home Depot,Heavy Hitters Thai Boxing,The Home Depot,Target,Methodist Hospital
Penn Presbyterian Medical Center,Cafe Ole,Academy Plaza,ShopRite,Temple Hospital Pulmonary Dept
Morrell Plaza,Import Auto Repair,Lowe's,Target,Cook and Shaker
The Home Depot,Dawns Breakfast,Target,Au Bon Pain,Interlink Supply
Gray'S Ferry Shopping Center,Fast Cash Atm,Wingstop,Franklin Marketplace,Fairmount Behavioral Health System
Acme Markets,Roots Philly Yoga,Shops At Aramingo,Lowe's,Tacony Creek Park
Heavy Hitters Thai Boxing,Pazzo Pazzo,Target,Academy Plaza,Aramingo Crossings
ShopRite,Dunnett Cw & Co,ShopRite,Target,Eagle's Corner
ShopRite,Philadelphia Massage by Adriana,Franklin Marketplace,The Home Depot,Lian Hsing's
Franklin Marketplace,DoubleTree by Hilton,Gray'S Ferry Shopping Center,Walmart,White Dog Cafe
Daughters of St Paul,Independence National Historical Park,Walmart,Aramingo Super Center,Eagle One Federal Credit Union
Wingstop,State Police Penna,Acme Markets,Fernhill Park,V M R
ShopRite,Sysco Food Services of Philadelphia,Lowe's,St Christophers Hospital For Children,Lin David MD
